,Invalid,Invalid_page
0,http://13.235.142.31:8080//user//,http://13.235.142.31:8080//user/
1,http://13.235.142.31:8080//user//user/,http://13.235.142.31:8080//user/
2,http://13.235.142.31:8080//user//login/,http://13.235.142.31:8080//user/
3,http://13.235.142.31:8080//login//,http://13.235.142.31:8080//login/
4,http://13.235.142.31:8080//login//user/,http://13.235.142.31:8080//login/
5,http://13.235.142.31:8080//login//login/,http://13.235.142.31:8080//login/
6,http://13.235.142.31:8080//user/Nikola_Tesla/,http://13.235.142.31:8080//user/Nikola_Tesla
7,http://13.235.142.31:8080//user/Nikola_Tesla/user/,http://13.235.142.31:8080//user/Nikola_Tesla
8,http://13.235.142.31:8080//user/Nikola_Tesla/login/,http://13.235.142.31:8080//user/Nikola_Tesla
9,http://13.235.142.31:8080//user/Nikola_Tesla/post/16/,http://13.235.142.31:8080//user/Nikola_Tesla
10,http://13.235.142.31:8080//post/16//,http://13.235.142.31:8080//post/16/
11,http://13.235.142.31:8080//post/16//user/,http://13.235.142.31:8080//post/16/
12,http://13.235.142.31:8080//post/16//login/,http://13.235.142.31:8080//post/16/
13,http://13.235.142.31:8080//post/16//user/Nikola_Tesla,http://13.235.142.31:8080//post/16/
14,http://13.235.142.31:8080//post/16//post/Electrical%20Engineering/ ,http://13.235.142.31:8080//post/16/
15,http://13.235.142.31:8080//user/Jane_Goodall/,http://13.235.142.31:8080//user/Jane_Goodall
16,http://13.235.142.31:8080//user/Jane_Goodall/user/,http://13.235.142.31:8080//user/Jane_Goodall
17,http://13.235.142.31:8080//user/Jane_Goodall/login/,http://13.235.142.31:8080//user/Jane_Goodall
18,http://13.235.142.31:8080//user/Jane_Goodall/post/15/,http://13.235.142.31:8080//user/Jane_Goodall
19,http://13.235.142.31:8080//post/15//,http://13.235.142.31:8080//post/15/
20,http://13.235.142.31:8080//post/15//user/,http://13.235.142.31:8080//post/15/
21,http://13.235.142.31:8080//post/15//login/,http://13.235.142.31:8080//post/15/
22,http://13.235.142.31:8080//post/15//user/Jane_Goodall,http://13.235.142.31:8080//post/15/
23,http://13.235.142.31:8080//post/15//post/Primatology%20and%20Conservation/ ,http://13.235.142.31:8080//post/15/
24,http://13.235.142.31:8080/?page=1/,http://13.235.142.31:8080/?page=1
25,http://13.235.142.31:8080/?page=1/user/,http://13.235.142.31:8080/?page=1
26,http://13.235.142.31:8080/?page=1/login/,http://13.235.142.31:8080/?page=1
27,http://13.235.142.31:8080/?page=1/user/Nikola_Tesla,http://13.235.142.31:8080/?page=1
28,http://13.235.142.31:8080/?page=1/post/16/,http://13.235.142.31:8080/?page=1
29,http://13.235.142.31:8080/?page=1/user/Jane_Goodall,http://13.235.142.31:8080/?page=1
30,http://13.235.142.31:8080/?page=1/post/15/,http://13.235.142.31:8080/?page=1
31,http://13.235.142.31:8080/?page=1?page=1,http://13.235.142.31:8080/?page=1
32,http://13.235.142.31:8080/?page=1?page=2,http://13.235.142.31:8080/?page=1
33,http://13.235.142.31:8080/?page=1?page=3,http://13.235.142.31:8080/?page=1
34,http://13.235.142.31:8080/?page=2/,http://13.235.142.31:8080/?page=2
35,http://13.235.142.31:8080/?page=2/user/,http://13.235.142.31:8080/?page=2
36,http://13.235.142.31:8080/?page=2/login/,http://13.235.142.31:8080/?page=2
37,http://13.235.142.31:8080/?page=2/user/Stephen_Hawking,http://13.235.142.31:8080/?page=2
38,http://13.235.142.31:8080/?page=2/post/14/,http://13.235.142.31:8080/?page=2
39,http://13.235.142.31:8080/?page=2/user/Louis_Pasteur,http://13.235.142.31:8080/?page=2
40,http://13.235.142.31:8080/?page=2/post/13/,http://13.235.142.31:8080/?page=2
41,http://13.235.142.31:8080/?page=2?page=1,http://13.235.142.31:8080/?page=2
42,http://13.235.142.31:8080/?page=2?page=2,http://13.235.142.31:8080/?page=2
43,http://13.235.142.31:8080/?page=2?page=3,http://13.235.142.31:8080/?page=2
44,http://13.235.142.31:8080/?page=3/,http://13.235.142.31:8080/?page=3
45,http://13.235.142.31:8080/?page=3/user/,http://13.235.142.31:8080/?page=3
46,http://13.235.142.31:8080/?page=3/login/,http://13.235.142.31:8080/?page=3
47,http://13.235.142.31:8080/?page=3/user/Wangari_Maathai,http://13.235.142.31:8080/?page=3
48,http://13.235.142.31:8080/?page=3/post/12/,http://13.235.142.31:8080/?page=3
49,http://13.235.142.31:8080/?page=3/user/Alexander_Fleming,http://13.235.142.31:8080/?page=3
50,http://13.235.142.31:8080/?page=3/post/11/,http://13.235.142.31:8080/?page=3
51,http://13.235.142.31:8080/?page=3?page=1,http://13.235.142.31:8080/?page=3
52,http://13.235.142.31:8080/?page=3?page=2,http://13.235.142.31:8080/?page=3
53,http://13.235.142.31:8080/?page=3?page=3,http://13.235.142.31:8080/?page=3
